plant,latitude,longitude
Gävle,60.711485563808644,16.872319978376794
Göteborg,57.708753633100656,11.970717618890617
Helsingborg,56.04762481303035,12.69487751704418
Jönköping,57.781554761332686,14.157349006653908
Kalmar,56.87600006882098,16.23551807299604
Karlstad,59.386645800675005,13.542895366883956
Linköping,58.43513806883081,15.657685005639022
Luleå,65.5553532346645,22.217241269157373
Malmö,55.633275206629236,13.042278233949975
Örebro,59.28311820011614,15.18170163800914
Östersund,63.17673008318658,14.6384224114286
Östhammar,60.260287921561144,18.364983270360835
Stockholm,59.365231030389765,18.229714121251153
Umeå,63.80733885244973,20.29256692339064
Uppsala,59.84622143939636,17.657818464999885
Västerås,59.61097328405647,16.53615884811122
